{
  "Total" : {
    "transaction" : "Total",
    "sampleCount" : 17000,
    "errorCount" : 0,
    "errorPct" : 0.0,
    "meanResTime" : 914.5248823529427,
    "medianResTime" : 779.0,
    "minResTime" : 750.0,
    "maxResTime" : 15520.0,
    "pct1ResTime" : 1111.8999999999996,
    "pct2ResTime" : 1544.8999999999978,
    "pct3ResTime" : 2794.9900000000016,
    "throughput" : 9.424098862123216,
    "receivedKBytesPerSec" : 14.361485924519343,
    "sentKBytesPerSec" : 1.2332316870356552
  },
  "Random-data-API" : {
    "transaction" : "Random-data-API",
    "sampleCount" : 17000,
    "errorCount" : 0,
    "errorPct" : 0.0,
    "meanResTime" : 914.5248823529427,
    "medianResTime" : 779.0,
    "minResTime" : 750.0,
    "maxResTime" : 15520.0,
    "pct1ResTime" : 1111.8999999999996,
    "pct2ResTime" : 1544.8999999999978,
    "pct3ResTime" : 2794.9900000000016,
    "throughput" : 9.424098862123216,
    "receivedKBytesPerSec" : 14.361485924519343,
    "sentKBytesPerSec" : 1.2332316870356552
  }
}